,benchmark_group,benchmark_name,npe_label,experiment_id,input_class,replayed_testsuite,compiled_tests,commented_tests,npe_reproduced
0,BugSwarm,Atomix-298262068,0,c26339fc3f5d44f1a581a06f4e90d7d3,io.atomix.primitives.leadership.impl.RaftLeaderElectorService,io.atomix.primitives.leadership.impl.RaftLeaderElectorService_ESTest,31,0,False
1,BugSwarm,Jannovar-249719464,0,00ac0e5c129f4ac48b984d9928cecc2a,de.charite.compbio.jannovar.cmd.annotate_vcf.JannovarAnnotateVCFOptions,de.charite.compbio.jannovar.cmd.annotate_vcf.JannovarAnnotateVCFOptions_ESTest,128,0,False
2,BugSwarm,Jannovar-249719464,0,0b9e9cd1554644ddb20da2cd8d16698c,de.charite.compbio.jannovar.cmd.annotate_vcf.JannovarAnnotateVCFOptions,de.charite.compbio.jannovar.cmd.annotate_vcf.JannovarAnnotateVCFOptions_ESTest,132,0,False
3,BugSwarm,Jannovar-249719464,0,c60ee43376b24707af5814e4cbaec359,de.charite.compbio.jannovar.cmd.annotate_vcf.JannovarAnnotateVCFOptions,de.charite.compbio.jannovar.cmd.annotate_vcf.JannovarAnnotateVCFOptions_ESTest,133,0,False
4,BugSwarm,Jannovar-249719464,0,f86d83ab70d940398ef7ef837841dd04,de.charite.compbio.jannovar.cmd.annotate_vcf.JannovarAnnotateVCFOptions,de.charite.compbio.jannovar.cmd.annotate_vcf.JannovarAnnotateVCFOptions_ESTest,129,0,False
5,BugSwarm,Jannovar-249719464,0,ccaffc6404c64b17837dd3e64279dc98,de.charite.compbio.jannovar.cmd.annotate_vcf.JannovarAnnotateVCFOptions,de.charite.compbio.jannovar.cmd.annotate_vcf.JannovarAnnotateVCFOptions_ESTest,131,0,False
6,BugSwarm,Jannovar-249719464,0,b555e93797bb48b4b44646841430a5c2,de.charite.compbio.jannovar.cmd.annotate_vcf.JannovarAnnotateVCFOptions,de.charite.compbio.jannovar.cmd.annotate_vcf.JannovarAnnotateVCFOptions_ESTest,127,0,False
7,BugSwarm,Jannovar-249719464,0,b16e4283bf274f70bbfcc54a421e9bec,de.charite.compbio.jannovar.cmd.annotate_vcf.JannovarAnnotateVCFOptions,de.charite.compbio.jannovar.cmd.annotate_vcf.JannovarAnnotateVCFOptions_ESTest,127,0,False
8,BugSwarm,Jannovar-249719464,0,a283c83223054a359bfa68891ae1507e,de.charite.compbio.jannovar.cmd.annotate_vcf.JannovarAnnotateVCFOptions,de.charite.compbio.jannovar.cmd.annotate_vcf.JannovarAnnotateVCFOptions_ESTest,132,0,False
9,BugSwarm,Jannovar-249719464,0,3e487a6f071a4d69a590653c8f34f05f,de.charite.compbio.jannovar.cmd.annotate_vcf.JannovarAnnotateVCFOptions,de.charite.compbio.jannovar.cmd.annotate_vcf.JannovarAnnotateVCFOptions_ESTest,134,0,False
10,BugSwarm,Jannovar-249719464,0,77cb787d2bd041139deca4281e0bcaa3,de.charite.compbio.jannovar.cmd.annotate_vcf.JannovarAnnotateVCFOptions,de.charite.compbio.jannovar.cmd.annotate_vcf.JannovarAnnotateVCFOptions_ESTest,131,0,False
11,BugSwarm,ACS_AEM_Commons-461893214,0,7c0eed26d79b411081a65088b5b44a99,com.adobe.acs.commons.mcp.impl.processes.asset.FileAssetIngestor,com.adobe.acs.commons.mcp.impl.processes.asset.FileAssetIngestor_ESTest,39,0,False
12,BugSwarm,ACS_AEM_Commons-461893214,1,7c0eed26d79b411081a65088b5b44a99,com.adobe.acs.commons.mcp.impl.processes.asset.FileAssetIngestor,com.adobe.acs.commons.mcp.impl.processes.asset.FileAssetIngestor_ESTest,39,0,False
13,BugSwarm,Byte_Buddy-95795967,0,ccfdb414941a4768ac564ee55c0d71a7,net.bytebuddy.dynamic.ClassFileLocator,net.bytebuddy.dynamic.ClassFileLocator_ESTest,83,0,True
14,BugSwarm,Byte_Buddy-95795967,0,d1ab13e249094f78b09848447d72b132,net.bytebuddy.dynamic.ClassFileLocator,net.bytebuddy.dynamic.ClassFileLocator_ESTest,87,0,True
15,BugSwarm,Byte_Buddy-95795967,0,598b3db520244a6d8550c4abc87fe948,net.bytebuddy.dynamic.ClassFileLocator,net.bytebuddy.dynamic.ClassFileLocator_ESTest,88,0,True
16,BugSwarm,Byte_Buddy-140517155,0,dd1cbf15057d4263b2672f28d36ab763,net.bytebuddy.dynamic.ClassFileLocator,net.bytebuddy.dynamic.ClassFileLocator_ESTest,93,0,True
17,BugSwarm,Byte_Buddy-140517155,0,646471f2ccd44459babe9610a5a1102b,net.bytebuddy.dynamic.ClassFileLocator,net.bytebuddy.dynamic.ClassFileLocator_ESTest,100,0,True
18,BugSwarm,Byte_Buddy-140517155,0,12f1cdc391474a21b9a76a4f5f94b4d9,net.bytebuddy.dynamic.ClassFileLocator,net.bytebuddy.dynamic.ClassFileLocator_ESTest,103,0,True
19,BugSwarm,Byte_Buddy-140517155,0,f68d77c839c549e4806e37800481f249,net.bytebuddy.dynamic.ClassFileLocator,net.bytebuddy.dynamic.ClassFileLocator_ESTest,95,0,True
20,BugSwarm,OkHttp-93618854,0,3a41b801e2d249e7bad48e015416c83f,com.squareup.okhttp.internal.http.StreamAllocation,com.squareup.okhttp.internal.http.StreamAllocation_ESTest,24,0,True
21,BugSwarm,OkHttp-93618854,0,4148c87aebbd4be4b1563454c9f28b74,com.squareup.okhttp.internal.http.StreamAllocation,com.squareup.okhttp.internal.http.StreamAllocation_ESTest,23,0,True
22,BugSwarm,OkHttp-93618854,0,64c90199994240fdae9c81efbb7e944c,com.squareup.okhttp.internal.http.StreamAllocation,com.squareup.okhttp.internal.http.StreamAllocation_ESTest,20,0,True
23,BugSwarm,OkHttp-93618854,0,d4fbc5a79138461ba1a7a50f7f62e8b2,com.squareup.okhttp.internal.http.StreamAllocation,com.squareup.okhttp.internal.http.StreamAllocation_ESTest,20,0,False
24,BugSwarm,OkHttp-93618854,0,8600cad7221d44a0b98471f900b323c2,com.squareup.okhttp.internal.http.StreamAllocation,com.squareup.okhttp.internal.http.StreamAllocation_ESTest,18,0,True
25,BugSwarm,OkHttp-93618854,1,3a41b801e2d249e7bad48e015416c83f,com.squareup.okhttp.internal.http.StreamAllocation,com.squareup.okhttp.internal.http.StreamAllocation_ESTest,24,0,True
26,BugSwarm,OkHttp-93618854,1,4148c87aebbd4be4b1563454c9f28b74,com.squareup.okhttp.internal.http.StreamAllocation,com.squareup.okhttp.internal.http.StreamAllocation_ESTest,23,0,False
27,BugSwarm,OkHttp-93618854,1,64c90199994240fdae9c81efbb7e944c,com.squareup.okhttp.internal.http.StreamAllocation,com.squareup.okhttp.internal.http.StreamAllocation_ESTest,20,0,True
28,BugSwarm,OkHttp-93618854,1,d4fbc5a79138461ba1a7a50f7f62e8b2,com.squareup.okhttp.internal.http.StreamAllocation,com.squareup.okhttp.internal.http.StreamAllocation_ESTest,20,0,True
29,BugSwarm,OkHttp-93618854,1,8600cad7221d44a0b98471f900b323c2,com.squareup.okhttp.internal.http.StreamAllocation,com.squareup.okhttp.internal.http.StreamAllocation_ESTest,18,0,False
30,BugSwarm,Artemis__odb-71816517,0,4db22aafed814759ae207f436c638203,com.artemis.EntityEditPool,com.artemis.EntityEditPool_ESTest,19,0,True
31,BugSwarm,Artemis__odb-71816517,0,97ab9cd45340419595ab9fb89126ed5e,com.artemis.EntityEditPool,com.artemis.EntityEditPool_ESTest,19,0,True
32,BugSwarm,Artemis__odb-71816517,0,6ca9e36fec7844ffb5d870f3778733d8,com.artemis.EntityEditPool,com.artemis.EntityEditPool_ESTest,20,0,True
33,BugSwarm,Artemis__odb-71816517,0,d004c91a7dd74b3e862c0409b869bcbb,com.artemis.EntityEditPool,com.artemis.EntityEditPool_ESTest,20,0,True
34,BugSwarm,Artemis__odb-71816517,0,4240863b014f4efd9ebe1524ded5c573,com.artemis.EntityEditPool,com.artemis.EntityEditPool_ESTest,17,0,True
35,BugSwarm,Artemis__odb-71816517,0,7da6ee14c65448c4aef637e5274ff0ca,com.artemis.EntityEditPool,com.artemis.EntityEditPool_ESTest,20,0,True
36,BugSwarm,Artemis__odb-71816517,0,b1350ca5757d4bb3b3ef5a311dfface6,com.artemis.EntityEditPool,com.artemis.EntityEditPool_ESTest,19,0,True
37,BugSwarm,Artemis__odb-71816517,0,0b1cfdb546ec4e2ca09ab08187df0adc,com.artemis.EntityEditPool,com.artemis.EntityEditPool_ESTest,19,0,True
38,BugSwarm,Artemis__odb-71816517,0,53c39603d7294a5c94029d8a188aae84,com.artemis.EntityEditPool,com.artemis.EntityEditPool_ESTest,20,0,True
39,BugSwarm,Artemis__odb-71816517,0,78836789df0b4bf1a3942f9c3dcfafb5,com.artemis.EntityEditPool,com.artemis.EntityEditPool_ESTest,20,0,True
40,BugSwarm,ACS_AEM_Commons-374231969,0,289cf0d3b71145818de6fce2c2fb4654,com.adobe.acs.commons.mcp.impl.processes.asset.UrlAssetImport,com.adobe.acs.commons.mcp.impl.processes.asset.UrlAssetImport_ESTest,12,0,False
41,BugSwarm,BungeeCord-130330788,0,7a0418a454554be29906acdd688fbd0d,net.md_5.bungee.ConnectionThrottle,net.md_5.bungee.ConnectionThrottle_ESTest,3,0,True
42,BugSwarm,BungeeCord-130330788,0,23494dd868c64e9d9c5269160499a7db,net.md_5.bungee.ConnectionThrottle,net.md_5.bungee.ConnectionThrottle_ESTest,3,0,True
43,BugSwarm,BungeeCord-130330788,0,7c81f20074c64a4d8a70871eaaf76b11,net.md_5.bungee.ConnectionThrottle,net.md_5.bungee.ConnectionThrottle_ESTest,3,0,True
44,BugSwarm,BungeeCord-130330788,0,b9aa7fa9b6e34b488f769de6a3c7b3dd,net.md_5.bungee.ConnectionThrottle,net.md_5.bungee.ConnectionThrottle_ESTest,3,0,True
45,BugSwarm,BungeeCord-130330788,0,2f321e038d1848f2bc5630beae0f8349,net.md_5.bungee.ConnectionThrottle,net.md_5.bungee.ConnectionThrottle_ESTest,3,0,True
46,BugSwarm,BungeeCord-130330788,0,63f03bbd43254ed095ca96952f2ecbd9,net.md_5.bungee.ConnectionThrottle,net.md_5.bungee.ConnectionThrottle_ESTest,3,0,True
47,BugSwarm,BungeeCord-130330788,0,e5fdd02d33934c5da43cf157373f1e16,net.md_5.bungee.ConnectionThrottle,net.md_5.bungee.ConnectionThrottle_ESTest,3,0,True
48,BugSwarm,BungeeCord-130330788,0,2489d0ec4b6849739247f3965d29329d,net.md_5.bungee.ConnectionThrottle,net.md_5.bungee.ConnectionThrottle_ESTest,3,0,True
49,BugSwarm,BungeeCord-130330788,0,62026f28dcca4595a73ed42c4e2f435b,net.md_5.bungee.ConnectionThrottle,net.md_5.bungee.ConnectionThrottle_ESTest,3,0,True
50,BugSwarm,BungeeCord-130330788,0,8c7b093ffdfd4408b49ea0a7ac5d50c4,net.md_5.bungee.ConnectionThrottle,net.md_5.bungee.ConnectionThrottle_ESTest,3,0,True
51,BugSwarm,REST_Countries-207869551,0,d75bc432326849f3ae29373477fbc207,fayder.restcountries.rest.CountryServiceHelper,fayder.restcountries.rest.CountryServiceHelper_ESTest,37,0,True
52,BugSwarm,REST_Countries-207869551,0,52b8908db5b64eb9a2655953f1a42e6e,fayder.restcountries.rest.CountryServiceHelper,fayder.restcountries.rest.CountryServiceHelper_ESTest,43,0,False
53,BugSwarm,REST_Countries-207869551,0,602b1e5dcf394a41ad9287e173cabd7d,fayder.restcountries.rest.CountryServiceHelper,fayder.restcountries.rest.CountryServiceHelper_ESTest,40,0,False
54,BugSwarm,REST_Countries-207869551,0,0bb4a3296e2c44e98d7ca12c775f8648,fayder.restcountries.rest.CountryServiceHelper,fayder.restcountries.rest.CountryServiceHelper_ESTest,42,0,True
55,BugSwarm,REST_Countries-207869551,0,58d83a64b8e3476f81d9dfe930f330dc,fayder.restcountries.rest.CountryServiceHelper,fayder.restcountries.rest.CountryServiceHelper_ESTest,41,0,True
56,BugSwarm,REST_Countries-207869551,0,0d4d92fc15f548b5b57af58eb9ef862d,fayder.restcountries.rest.CountryServiceHelper,fayder.restcountries.rest.CountryServiceHelper_ESTest,40,0,False
57,BugSwarm,REST_Countries-207869551,0,a6c0089731c2404a9c40a7dd99fa3fad,fayder.restcountries.rest.CountryServiceHelper,fayder.restcountries.rest.CountryServiceHelper_ESTest,41,0,True
58,BugSwarm,REST_Countries-207869551,0,a11ff0eadfa740e8ad3f31815e743606,fayder.restcountries.rest.CountryServiceHelper,fayder.restcountries.rest.CountryServiceHelper_ESTest,37,0,False
59,BugSwarm,REST_Countries-207869551,0,4025ed976d634905a1d2aab077c3ad39,fayder.restcountries.rest.CountryServiceHelper,fayder.restcountries.rest.CountryServiceHelper_ESTest,41,0,False
60,BugSwarm,REST_Countries-207869551,0,f2cb6ba53959430597e3daf90f59eb02,fayder.restcountries.rest.CountryServiceHelper,fayder.restcountries.rest.CountryServiceHelper_ESTest,42,0,False
61,BugSwarm,REST_Countries-154683750,0,fbceb4b7da1045c79301c0f3b2d8599a,fayder.restcountries.v1.rest.CountryService,fayder.restcountries.v1.rest.CountryService_ESTest,24,0,True
62,BugSwarm,REST_Countries-154683750,0,efb797ef92f0408089b3a6797bef40b4,fayder.restcountries.v1.rest.CountryService,fayder.restcountries.v1.rest.CountryService_ESTest,23,0,True
63,BugSwarm,REST_Countries-154683750,0,017fb1340b144a8abdfc656ea151bb76,fayder.restcountries.v1.rest.CountryService,fayder.restcountries.v1.rest.CountryService_ESTest,23,0,True
64,BugSwarm,REST_Countries-154683750,1,fbceb4b7da1045c79301c0f3b2d8599a,fayder.restcountries.v1.rest.CountryService,fayder.restcountries.v1.rest.CountryService_ESTest,24,0,True
65,BugSwarm,REST_Countries-154683750,1,efb797ef92f0408089b3a6797bef40b4,fayder.restcountries.v1.rest.CountryService,fayder.restcountries.v1.rest.CountryService_ESTest,23,0,True
66,BugSwarm,REST_Countries-154683750,1,017fb1340b144a8abdfc656ea151bb76,fayder.restcountries.v1.rest.CountryService,fayder.restcountries.v1.rest.CountryService_ESTest,23,0,True
67,BugSwarm,REST_Countries-154683750,2,fbceb4b7da1045c79301c0f3b2d8599a,fayder.restcountries.v1.rest.CountryService,fayder.restcountries.v1.rest.CountryService_ESTest,24,0,True
68,BugSwarm,REST_Countries-154683750,2,efb797ef92f0408089b3a6797bef40b4,fayder.restcountries.v1.rest.CountryService,fayder.restcountries.v1.rest.CountryService_ESTest,23,0,True
69,BugSwarm,REST_Countries-154683750,2,017fb1340b144a8abdfc656ea151bb76,fayder.restcountries.v1.rest.CountryService,fayder.restcountries.v1.rest.CountryService_ESTest,23,0,True
70,BugSwarm,REST_Countries-154683750,3,fbceb4b7da1045c79301c0f3b2d8599a,fayder.restcountries.v1.rest.CountryService,fayder.restcountries.v1.rest.CountryService_ESTest,24,0,True
71,BugSwarm,REST_Countries-154683750,3,efb797ef92f0408089b3a6797bef40b4,fayder.restcountries.v1.rest.CountryService,fayder.restcountries.v1.rest.CountryService_ESTest,23,0,True
72,BugSwarm,REST_Countries-154683750,3,017fb1340b144a8abdfc656ea151bb76,fayder.restcountries.v1.rest.CountryService,fayder.restcountries.v1.rest.CountryService_ESTest,23,0,True
73,BugSwarm,REST_Countries-154683750,4,fbceb4b7da1045c79301c0f3b2d8599a,fayder.restcountries.v1.rest.CountryService,fayder.restcountries.v1.rest.CountryService_ESTest,24,0,True
74,BugSwarm,REST_Countries-154683750,4,efb797ef92f0408089b3a6797bef40b4,fayder.restcountries.v1.rest.CountryService,fayder.restcountries.v1.rest.CountryService_ESTest,23,0,True
75,BugSwarm,REST_Countries-154683750,4,017fb1340b144a8abdfc656ea151bb76,fayder.restcountries.v1.rest.CountryService,fayder.restcountries.v1.rest.CountryService_ESTest,23,0,True
76,Genesis,JavaPoet-aee5f128,0,0ad0d49132c84457bf58f2fe57ed746c,com.squareup.javapoet.TypeName,com.squareup.javapoet.TypeName_ESTest,21,0,True
77,Genesis,JavaPoet-aee5f128,0,e99d320a17e440c38d200cd5185615ec,com.squareup.javapoet.TypeName,com.squareup.javapoet.TypeName_ESTest,21,0,True
78,Genesis,JavaPoet-aee5f128,0,353c2bf523254a39b3007e180e7b65ab,com.squareup.javapoet.TypeName,com.squareup.javapoet.TypeName_ESTest,21,0,True
79,Genesis,JavaPoet-aee5f128,0,4c79d9b006a44f2c9e86562ddcfa8d20,com.squareup.javapoet.TypeName,com.squareup.javapoet.TypeName_ESTest,21,0,True
80,Genesis,JavaPoet-aee5f128,0,f00617af68024ee7b058ab86a2c6c011,com.squareup.javapoet.TypeName,com.squareup.javapoet.TypeName_ESTest,20,0,True
81,Genesis,JavaPoet-aee5f128,0,6cec98db5b8544ec8ae0e77760d1b5c0,com.squareup.javapoet.TypeName,com.squareup.javapoet.TypeName_ESTest,20,0,True
82,Genesis,JavaPoet-aee5f128,0,b284d8e414db479fba01f38f97e1439c,com.squareup.javapoet.TypeName,com.squareup.javapoet.TypeName_ESTest,21,0,True
83,Genesis,JavaPoet-aee5f128,0,e2bdea753031443cbcc80181dc76534e,com.squareup.javapoet.TypeName,com.squareup.javapoet.TypeName_ESTest,21,0,True
84,Genesis,JavaPoet-aee5f128,0,b525464d917d466296458f7dd3dc35ac,com.squareup.javapoet.TypeName,com.squareup.javapoet.TypeName_ESTest,20,0,True
85,Genesis,JavaPoet-aee5f128,0,dec63c578de24b92a6aa2245fcedc067,com.squareup.javapoet.TypeName,com.squareup.javapoet.TypeName_ESTest,20,0,True
86,Genesis,Checkstyle-4f73fffd,0,f55e1cc8475f4d81a56e7eb371e4491a,com.puppycrawl.tools.checkstyle.checks.blocks.NeedBracesCheck,com.puppycrawl.tools.checkstyle.checks.blocks.NeedBracesCheck_ESTest,46,0,True
87,Genesis,Checkstyle-4f73fffd,0,e7b59d3f17ea44139c3f0f1118d21732,com.puppycrawl.tools.checkstyle.checks.blocks.NeedBracesCheck,com.puppycrawl.tools.checkstyle.checks.blocks.NeedBracesCheck_ESTest,48,0,True
88,Genesis,Checkstyle-4f73fffd,0,cb3b12615d8842d08d281521f4490d70,com.puppycrawl.tools.checkstyle.checks.blocks.NeedBracesCheck,com.puppycrawl.tools.checkstyle.checks.blocks.NeedBracesCheck_ESTest,44,0,True
89,Genesis,Checkstyle-4f73fffd,0,52e3f812814143ca84011f88a038df7a,com.puppycrawl.tools.checkstyle.checks.blocks.NeedBracesCheck,com.puppycrawl.tools.checkstyle.checks.blocks.NeedBracesCheck_ESTest,42,0,True
90,Genesis,Checkstyle-4f73fffd,0,109cc9ad28da4ecc9727cadd345d4cc1,com.puppycrawl.tools.checkstyle.checks.blocks.NeedBracesCheck,com.puppycrawl.tools.checkstyle.checks.blocks.NeedBracesCheck_ESTest,45,0,True
91,Genesis,Checkstyle-4f73fffd,0,11afeeef9bf64addab98a97288895220,com.puppycrawl.tools.checkstyle.checks.blocks.NeedBracesCheck,com.puppycrawl.tools.checkstyle.checks.blocks.NeedBracesCheck_ESTest,42,0,True
92,Genesis,Activiti-31c8ea16,0,1caa05467d08447b8b8d73b6436342cd,org.activiti.engine.impl.event.AbstractEventHandler,org.activiti.engine.impl.event.AbstractEventHandler_ESTest,5,0,True
93,Genesis,Activiti-31c8ea16,0,e3440bc25fcf4048b1ddd0f90570ccfd,org.activiti.engine.impl.event.AbstractEventHandler,org.activiti.engine.impl.event.AbstractEventHandler_ESTest,2,0,True
94,Genesis,Activiti-31c8ea16,0,6d4af010e5da4188b1f8bdee74dc77cb,org.activiti.engine.impl.event.AbstractEventHandler,org.activiti.engine.impl.event.AbstractEventHandler_ESTest,2,0,True
95,Genesis,Activiti-31c8ea16,0,f57a97430fcf444d8fcd525b43721e0a,org.activiti.engine.impl.event.AbstractEventHandler,org.activiti.engine.impl.event.AbstractEventHandler_ESTest,2,0,True
96,Genesis,Activiti-31c8ea16,0,7200cb83ea5f403ab87d2e6f3e7546d9,org.activiti.engine.impl.event.AbstractEventHandler,org.activiti.engine.impl.event.AbstractEventHandler_ESTest,5,0,False
97,Genesis,Activiti-31c8ea16,0,1443c0d0d9104b699c862945a9e20ac3,org.activiti.engine.impl.event.AbstractEventHandler,org.activiti.engine.impl.event.AbstractEventHandler_ESTest,2,0,True
98,Genesis,Activiti-31c8ea16,0,6659273116db4cd3ab30bb023bb3e4d7,org.activiti.engine.impl.event.AbstractEventHandler,org.activiti.engine.impl.event.AbstractEventHandler_ESTest,2,0,True
99,Genesis,Activiti-31c8ea16,0,2836af0061a747d6a3e91c10996d4675,org.activiti.engine.impl.event.AbstractEventHandler,org.activiti.engine.impl.event.AbstractEventHandler_ESTest,5,0,False
100,Genesis,Activiti-31c8ea16,0,cbb419d6a4ae4e26abc60536dbe2f3cb,org.activiti.engine.impl.event.AbstractEventHandler,org.activiti.engine.impl.event.AbstractEventHandler_ESTest,5,0,False
101,Genesis,Activiti-31c8ea16,0,a15d525c727e4f46815fa58d6c74ed10,org.activiti.engine.impl.event.AbstractEventHandler,org.activiti.engine.impl.event.AbstractEventHandler_ESTest,2,0,True
102,Defects4J,Csv-9,0,248b42eb4a4c48a2b1fd2dc8398ca23b,org.apache.commons.csv.CSVRecord,org.apache.commons.csv.CSVRecord_ESTest,42,0,True
103,Defects4J,Csv-9,0,c097b09b968c49cfab3176c9f999a6f3,org.apache.commons.csv.CSVRecord,org.apache.commons.csv.CSVRecord_ESTest,42,0,True
104,Defects4J,Csv-9,0,781492122ff24010b0dcb1a9ccdea7ca,org.apache.commons.csv.CSVRecord,org.apache.commons.csv.CSVRecord_ESTest,42,0,True
105,Defects4J,Csv-9,0,870e0a919c654059b1e3e7f5ad414fd8,org.apache.commons.csv.CSVRecord,org.apache.commons.csv.CSVRecord_ESTest,41,0,True
106,Defects4J,Csv-9,0,e8d5905460d14cad8603f3cd88caea78,org.apache.commons.csv.CSVRecord,org.apache.commons.csv.CSVRecord_ESTest,42,0,True
107,Defects4J,Csv-9,0,98b05063b6284ee787c38d2ddba08c3c,org.apache.commons.csv.CSVRecord,org.apache.commons.csv.CSVRecord_ESTest,42,0,True
108,Defects4J,Csv-9,0,849cdc3e7fd0479f83ecc58941b0b841,org.apache.commons.csv.CSVRecord,org.apache.commons.csv.CSVRecord_ESTest,43,0,True
109,Defects4J,Math-70,0,4aae835af72144a7a289feebf33613e0,org.apache.commons.math.analysis.solvers.BisectionSolver,org.apache.commons.math.analysis.solvers.BisectionSolver_ESTest,33,0,True
110,Defects4J,Math-70,0,110a29b05e3b42dabcfdbfb552571bc4,org.apache.commons.math.analysis.solvers.BisectionSolver,org.apache.commons.math.analysis.solvers.BisectionSolver_ESTest,34,0,True
111,Defects4J,Math-70,0,c931811b20614087b165ba5b0f224892,org.apache.commons.math.analysis.solvers.BisectionSolver,org.apache.commons.math.analysis.solvers.BisectionSolver_ESTest,33,0,True
112,Defects4J,Math-70,0,478a7c735ae34b298382bfd6c058e79f,org.apache.commons.math.analysis.solvers.BisectionSolver,org.apache.commons.math.analysis.solvers.BisectionSolver_ESTest,33,0,True
113,Defects4J,Math-70,0,4e0593b55afd4a379ff29fcae78b8faf,org.apache.commons.math.analysis.solvers.BisectionSolver,org.apache.commons.math.analysis.solvers.BisectionSolver_ESTest,33,0,True
114,Defects4J,Math-70,0,8eacb72d69aa46019cc72ba077e44008,org.apache.commons.math.analysis.solvers.BisectionSolver,org.apache.commons.math.analysis.solvers.BisectionSolver_ESTest,33,0,True
115,Defects4J,Math-70,0,fab8c5d2e1fa4ba9a5456a3a4725bcc5,org.apache.commons.math.analysis.solvers.BisectionSolver,org.apache.commons.math.analysis.solvers.BisectionSolver_ESTest,38,0,True
116,Defects4J,Math-70,0,1ffb8fe806b348e1ab7470d979710d8e,org.apache.commons.math.analysis.solvers.BisectionSolver,org.apache.commons.math.analysis.solvers.BisectionSolver_ESTest,33,0,True
117,Defects4J,Math-70,0,3e872f9a1de346a5ae3514fe354db528,org.apache.commons.math.analysis.solvers.BisectionSolver,org.apache.commons.math.analysis.solvers.BisectionSolver_ESTest,31,0,True
118,Defects4J,Math-70,0,227e3a6653d14462b2facf63c2851f76,org.apache.commons.math.analysis.solvers.BisectionSolver,org.apache.commons.math.analysis.solvers.BisectionSolver_ESTest,33,0,True
119,Defects4J,Math-79,0,71f302e17f2a4dcba30aba4cf7db2e3e,org.apache.commons.math.stat.clustering.KMeansPlusPlusClusterer,org.apache.commons.math.stat.clustering.KMeansPlusPlusClusterer_ESTest,11,0,True
120,Defects4J,Math-79,0,77701c8f56294d679fae0e4f5ab017e6,org.apache.commons.math.stat.clustering.KMeansPlusPlusClusterer,org.apache.commons.math.stat.clustering.KMeansPlusPlusClusterer_ESTest,9,0,True
121,Defects4J,Math-79,0,9c835c66e5544cdd9c561575c2ceb029,org.apache.commons.math.stat.clustering.KMeansPlusPlusClusterer,org.apache.commons.math.stat.clustering.KMeansPlusPlusClusterer_ESTest,7,0,True
122,Defects4J,Math-79,0,850a2d835ea14a8396638128e7ff7fc7,org.apache.commons.math.stat.clustering.KMeansPlusPlusClusterer,org.apache.commons.math.stat.clustering.KMeansPlusPlusClusterer_ESTest,7,0,True
123,Defects4J,Math-79,0,353479528396435c84747c995247921d,org.apache.commons.math.stat.clustering.KMeansPlusPlusClusterer,org.apache.commons.math.stat.clustering.KMeansPlusPlusClusterer_ESTest,8,0,True
124,Defects4J,Math-79,0,5a46b46050e9472ebaef21f32c3863fc,org.apache.commons.math.stat.clustering.KMeansPlusPlusClusterer,org.apache.commons.math.stat.clustering.KMeansPlusPlusClusterer_ESTest,7,0,True
125,Defects4J,Math-79,0,9967225881d74eb9a9dd51db238352b3,org.apache.commons.math.stat.clustering.KMeansPlusPlusClusterer,org.apache.commons.math.stat.clustering.KMeansPlusPlusClusterer_ESTest,9,0,True
126,Defects4J,Math-79,0,113cb64a2b9646b8a91539f1116e4152,org.apache.commons.math.stat.clustering.KMeansPlusPlusClusterer,org.apache.commons.math.stat.clustering.KMeansPlusPlusClusterer_ESTest,7,0,True
127,Defects4J,Math-79,0,db0ef818e5f0430e8e3eba4e3d5883d8,org.apache.commons.math.stat.clustering.KMeansPlusPlusClusterer,org.apache.commons.math.stat.clustering.KMeansPlusPlusClusterer_ESTest,8,0,False
128,NPEX,Ninja-16aa9c14,0,3f67819773ab4e1d935583b5d3d1a6a4,ninja.Route,ninja.Route_ESTest,25,0,False
129,NPEX,Ninja-16aa9c14,0,de4371901b094bbd846a23342577caa2,ninja.Route,ninja.Route_ESTest,26,0,True
130,NPEX,Ninja-16aa9c14,0,da833fbf92a44c6fa0f8d296f7a57fde,ninja.Route,ninja.Route_ESTest,24,0,False
131,NPEX,Ninja-16aa9c14,0,2d51d567c0334d03aa7e685bcb13476a,ninja.Route,ninja.Route_ESTest,24,0,False
132,NPEX,Ninja-16aa9c14,0,414a5f64cdd441288fa0b09ae0c8d8c5,ninja.Route,ninja.Route_ESTest,25,0,True
133,NPEX,Ninja-16aa9c14,0,e006c65f80ea45ffa00cf94b409669ca,ninja.Route,ninja.Route_ESTest,25,0,True
134,NPEX,Ninja-16aa9c14,0,16a10d3da9554a35afe653fca15376f9,ninja.Route,ninja.Route_ESTest,26,0,True
135,NPEX,Ninja-16aa9c14,0,f19ca02ebb264df99157e042d8091f26,ninja.Route,ninja.Route_ESTest,25,0,True
136,NPEX,Ninja-16aa9c14,0,d9c723ef53774ff099124b8cfd023eea,ninja.Route,ninja.Route_ESTest,26,0,False
137,NPEX,Ninja-16aa9c14,0,20ba2fdbfffe4453a5339f884861392d,ninja.Route,ninja.Route_ESTest,26,0,False
138,NPEX,Aries_JPA-97cb979d,0,5866c51063bd4f52aaf60c972d5a65a4,org.apache.aries.jpa.blueprint.impl.AnnotationScanner,org.apache.aries.jpa.blueprint.impl.AnnotationScanner_ESTest,4,0,False
139,NPEX,Aries_JPA-97cb979d,0,a5e4fe815de54485a830cc1972ced9e9,org.apache.aries.jpa.blueprint.impl.AnnotationScanner,org.apache.aries.jpa.blueprint.impl.AnnotationScanner_ESTest,4,0,False
140,NPEX,Aries_JPA-97cb979d,0,92724cffaff64df2b7e4959a6dd0282c,org.apache.aries.jpa.blueprint.impl.AnnotationScanner,org.apache.aries.jpa.blueprint.impl.AnnotationScanner_ESTest,4,0,False
141,NPEX,Aries_JPA-97cb979d,0,d1f64313ec424852863b074b650017de,org.apache.aries.jpa.blueprint.impl.AnnotationScanner,org.apache.aries.jpa.blueprint.impl.AnnotationScanner_ESTest,4,0,False
142,NPEX,Aries_JPA-97cb979d,0,c6658256ff974f4e883bb672e07fd40a,org.apache.aries.jpa.blueprint.impl.AnnotationScanner,org.apache.aries.jpa.blueprint.impl.AnnotationScanner_ESTest,4,0,False
143,NPEX,Aries_JPA-97cb979d,0,4baf96921487418e9aab665947b677d1,org.apache.aries.jpa.blueprint.impl.AnnotationScanner,org.apache.aries.jpa.blueprint.impl.AnnotationScanner_ESTest,4,0,False
144,NPEX,Aries_JPA-97cb979d,0,286255562b754c069f18fd51010fa8c5,org.apache.aries.jpa.blueprint.impl.AnnotationScanner,org.apache.aries.jpa.blueprint.impl.AnnotationScanner_ESTest,4,0,False
145,NPEX,Aries_JPA-97cb979d,0,3597389df8644d55aba166c15f00e8c9,org.apache.aries.jpa.blueprint.impl.AnnotationScanner,org.apache.aries.jpa.blueprint.impl.AnnotationScanner_ESTest,4,0,False
146,NPEX,Aries_JPA-97cb979d,0,f739de79f6c8482595ac67fdd64c26cf,org.apache.aries.jpa.blueprint.impl.AnnotationScanner,org.apache.aries.jpa.blueprint.impl.AnnotationScanner_ESTest,4,0,False
147,NPEX,Aries_JPA-97cb979d,0,768b1c00baaa44f6aaff5d11512ffec7,org.apache.aries.jpa.blueprint.impl.AnnotationScanner,org.apache.aries.jpa.blueprint.impl.AnnotationScanner_ESTest,4,0,False
148,NPEX,Activiti-c45d6c3c,0,47bbff13d3364be8b4c39942aab544ac,org.activiti.engine.impl.variable.JPAEntityMappings,org.activiti.engine.impl.variable.JPAEntityMappings_ESTest,31,0,False
149,NPEX,Activiti-c45d6c3c,0,85e65a4cef364f45a7376b54ba670aad,org.activiti.engine.impl.variable.JPAEntityMappings,org.activiti.engine.impl.variable.JPAEntityMappings_ESTest,31,0,False
150,NPEX,Activiti-c45d6c3c,0,20a2351fbcc84ef0888843277704174f,org.activiti.engine.impl.variable.JPAEntityMappings,org.activiti.engine.impl.variable.JPAEntityMappings_ESTest,31,0,False
151,NPEX,Activiti-c45d6c3c,0,510433a9b16f413aa6a275f3daa6d19f,org.activiti.engine.impl.variable.JPAEntityMappings,org.activiti.engine.impl.variable.JPAEntityMappings_ESTest,31,0,False
152,NPEX,Activiti-c45d6c3c,0,83bd579ea82f45c5a01058c9bda82e51,org.activiti.engine.impl.variable.JPAEntityMappings,org.activiti.engine.impl.variable.JPAEntityMappings_ESTest,31,0,False
153,NPEX,Activiti-c45d6c3c,0,e75fb095110d4d7184ce93b27bf2ee00,org.activiti.engine.impl.variable.JPAEntityMappings,org.activiti.engine.impl.variable.JPAEntityMappings_ESTest,31,0,False
154,NPEX,Activiti-c45d6c3c,0,40eba703a25d4d829e272190e70d0bce,org.activiti.engine.impl.variable.JPAEntityMappings,org.activiti.engine.impl.variable.JPAEntityMappings_ESTest,30,0,False
155,NPEX,Activiti-c45d6c3c,0,004904309fb246639ecc6159791fc16e,org.activiti.engine.impl.variable.JPAEntityMappings,org.activiti.engine.impl.variable.JPAEntityMappings_ESTest,31,0,False
156,NPEX,Activiti-c45d6c3c,0,311f441bfa334c6dbc47d5a86b8aa32d,org.activiti.engine.impl.variable.JPAEntityMappings,org.activiti.engine.impl.variable.JPAEntityMappings_ESTest,31,0,False
157,NPEX,ActiveMQ_Artemis-586abba9,0,af4500909c4d486bb52d8b5bec66b431,org.apache.activemq.artemis.selector.filter.UnaryExpression,org.apache.activemq.artemis.selector.filter.UnaryExpression_ESTest,36,0,False
158,NPEX,ActiveMQ_Artemis-586abba9,0,e0a80763fc844b06965d31295286cb50,org.apache.activemq.artemis.selector.filter.UnaryExpression,org.apache.activemq.artemis.selector.filter.UnaryExpression_ESTest,38,0,False
159,NPEX,ActiveMQ_Artemis-586abba9,0,bcea1a5d12d64bf3b93931da8e0def50,org.apache.activemq.artemis.selector.filter.UnaryExpression,org.apache.activemq.artemis.selector.filter.UnaryExpression_ESTest,34,0,False
160,NPEX,ActiveMQ_Artemis-586abba9,0,5a24ad0a2c0a4f6ba742e349d765ffb7,org.apache.activemq.artemis.selector.filter.UnaryExpression,org.apache.activemq.artemis.selector.filter.UnaryExpression_ESTest,39,0,False
161,NPEX,ActiveMQ_Artemis-586abba9,0,eda8319892c14916b2a297050f3a452b,org.apache.activemq.artemis.selector.filter.UnaryExpression,org.apache.activemq.artemis.selector.filter.UnaryExpression_ESTest,35,0,False
162,NPEX,ActiveMQ_Artemis-586abba9,0,f7ac5c32c11e4361b5775e669fc15c54,org.apache.activemq.artemis.selector.filter.UnaryExpression,org.apache.activemq.artemis.selector.filter.UnaryExpression_ESTest,37,0,False
163,NPEX,ActiveMQ_Artemis-586abba9,0,80b5ce46e51040d98f46980e27eaed3d,org.apache.activemq.artemis.selector.filter.UnaryExpression,org.apache.activemq.artemis.selector.filter.UnaryExpression_ESTest,38,0,False
164,NPEX,ShardingSphere-82b1b9d5,0,7ec734d39f86474c9de197a127c83d41,org.apache.shardingsphere.infra.executor.sql.context.ExecutionContextBuilder,org.apache.shardingsphere.infra.executor.sql.context.ExecutionContextBuilder_ESTest,0,0,False
165,NPEX,ShardingSphere-82b1b9d5,0,295d86f72f0b4f77a9bf2802cc061998,org.apache.shardingsphere.infra.executor.sql.context.ExecutionContextBuilder,org.apache.shardingsphere.infra.executor.sql.context.ExecutionContextBuilder_ESTest,0,0,False
166,NPEX,ShardingSphere-82b1b9d5,0,2452329e8fa94c3096d81c31b09428fe,org.apache.shardingsphere.infra.executor.sql.context.ExecutionContextBuilder,org.apache.shardingsphere.infra.executor.sql.context.ExecutionContextBuilder_ESTest,0,0,False
167,NPEX,ShardingSphere-82b1b9d5,0,41b627bc52234d9f8e5bdbe90d78db0b,org.apache.shardingsphere.infra.executor.sql.context.ExecutionContextBuilder,org.apache.shardingsphere.infra.executor.sql.context.ExecutionContextBuilder_ESTest,0,0,False
168,NPEX,ShardingSphere-82b1b9d5,0,f060f8a5dcf945f9aab102c82bd27520,org.apache.shardingsphere.infra.executor.sql.context.ExecutionContextBuilder,org.apache.shardingsphere.infra.executor.sql.context.ExecutionContextBuilder_ESTest,0,0,False
169,NPEX,ShardingSphere-82b1b9d5,0,7fd861b638394087b21131cb378ad978,org.apache.shardingsphere.infra.executor.sql.context.ExecutionContextBuilder,org.apache.shardingsphere.infra.executor.sql.context.ExecutionContextBuilder_ESTest,0,0,False
170,NPEX,ShardingSphere-82b1b9d5,0,ab0fb5031e78401dbafdfbd97fc81931,org.apache.shardingsphere.infra.executor.sql.context.ExecutionContextBuilder,org.apache.shardingsphere.infra.executor.sql.context.ExecutionContextBuilder_ESTest,0,0,False
171,NPEX,ShardingSphere-82b1b9d5,0,2336c2428fee427eac0b328d2f1d4653,org.apache.shardingsphere.infra.executor.sql.context.ExecutionContextBuilder,org.apache.shardingsphere.infra.executor.sql.context.ExecutionContextBuilder_ESTest,0,0,False
172,NPEX,ShardingSphere-82b1b9d5,0,b2dd33891c624c5d96c4240a0af8a99f,org.apache.shardingsphere.infra.executor.sql.context.ExecutionContextBuilder,org.apache.shardingsphere.infra.executor.sql.context.ExecutionContextBuilder_ESTest,0,0,False
173,NPEX,CXF-7cfc8d07,0,119195b7f6a74cf29b737c0acdada52f,org.apache.cxf.rs.security.jose.jws.JwsUtils,org.apache.cxf.rs.security.jose.jws.JwsUtils_ESTest,162,0,False
174,NPEX,CXF-7cfc8d07,0,514c9ed6d7b443199d5cab6442d2d820,org.apache.cxf.rs.security.jose.jws.JwsUtils,org.apache.cxf.rs.security.jose.jws.JwsUtils_ESTest,178,0,False
175,NPEX,Log4j_2-85661de7,0,c2804a3e7f54459cb5accbceb5da6f08,org.apache.logging.log4j.spi.AbstractLogger,org.apache.logging.log4j.spi.AbstractLogger_ESTest,570,0,False
176,NPEX,Log4j_2-85661de7,0,141fb1bddfc14144817e284ac88a67ff,org.apache.logging.log4j.spi.AbstractLogger,org.apache.logging.log4j.spi.AbstractLogger_ESTest,574,0,False
177,NPEX,Log4j_2-85661de7,0,54d620fc6bb24d8db1dcabc6b10cb629,org.apache.logging.log4j.spi.AbstractLogger,org.apache.logging.log4j.spi.AbstractLogger_ESTest,573,0,False
178,NPEX,Log4j_2-85661de7,0,694e0c57cdfc4672a130c9c15ebcb500,org.apache.logging.log4j.spi.AbstractLogger,org.apache.logging.log4j.spi.AbstractLogger_ESTest,571,0,False
179,NPEX,Log4j_2-85661de7,0,8dabd104fb7248b3af628c50102befe8,org.apache.logging.log4j.spi.AbstractLogger,org.apache.logging.log4j.spi.AbstractLogger_ESTest,566,0,False
180,NPEX,Log4j_2-85661de7,0,0dcf997eb71b46b49f9514b2f5336e65,org.apache.logging.log4j.spi.AbstractLogger,org.apache.logging.log4j.spi.AbstractLogger_ESTest,566,0,False
181,NPEX,Log4j_2-85661de7,0,efe72168be9941dc8e8157b7c693a868,org.apache.logging.log4j.spi.AbstractLogger,org.apache.logging.log4j.spi.AbstractLogger_ESTest,561,0,False
182,NPEX,Log4j_2-85661de7,0,2fee359194db4c3fb2ae3cb896770992,org.apache.logging.log4j.spi.AbstractLogger,org.apache.logging.log4j.spi.AbstractLogger_ESTest,569,0,False
183,NPEX,Log4j_2-85661de7,0,75fa1cd410134acc80d6dcbc7ec86a0e,org.apache.logging.log4j.spi.AbstractLogger,org.apache.logging.log4j.spi.AbstractLogger_ESTest,573,0,False
184,NPEX,Log4j_2-85661de7,0,ed4cd1847b784b16bb928c513fa6a6c3,org.apache.logging.log4j.spi.AbstractLogger,org.apache.logging.log4j.spi.AbstractLogger_ESTest,300,0,False
185,NPEX,HttpComponents_Client-1026a1e5,0,fd9f314d75144582aec8d8ed8277b944,org.apache.hc.client5.http.impl.classic.MinimalHttpClient,org.apache.hc.client5.http.impl.classic.MinimalHttpClient_ESTest,1,0,False
186,NPEX,HttpComponents_Client-1026a1e5,0,c90d25e0bce6478ab1a72042af331c31,org.apache.hc.client5.http.impl.classic.MinimalHttpClient,org.apache.hc.client5.http.impl.classic.MinimalHttpClient_ESTest,1,0,False
187,NPEX,HttpComponents_Client-1026a1e5,0,6a80f78f84c143f9bbd5f0012d9f8564,org.apache.hc.client5.http.impl.classic.MinimalHttpClient,org.apache.hc.client5.http.impl.classic.MinimalHttpClient_ESTest,1,0,False
188,NPEX,HttpComponents_Client-1026a1e5,0,d11d777a242344d9aa270f59fa76de0d,org.apache.hc.client5.http.impl.classic.MinimalHttpClient,org.apache.hc.client5.http.impl.classic.MinimalHttpClient_ESTest,1,0,False
189,NPEX,HttpComponents_Client-1026a1e5,0,d78804fc34274338b9de22a5e1e99aa1,org.apache.hc.client5.http.impl.classic.MinimalHttpClient,org.apache.hc.client5.http.impl.classic.MinimalHttpClient_ESTest,1,0,False
190,NPEX,HttpComponents_Client-1026a1e5,0,d26a08b223b14c90a43824183d596541,org.apache.hc.client5.http.impl.classic.MinimalHttpClient,org.apache.hc.client5.http.impl.classic.MinimalHttpClient_ESTest,1,0,False
191,NPEX,HttpComponents_Client-1026a1e5,0,6212009fe2e24ab1b0f2b6d4930b2b13,org.apache.hc.client5.http.impl.classic.MinimalHttpClient,org.apache.hc.client5.http.impl.classic.MinimalHttpClient_ESTest,1,0,False
192,NPEX,HttpComponents_Client-1026a1e5,0,887e38cdbfe446d8959939be27ee705c,org.apache.hc.client5.http.impl.classic.MinimalHttpClient,org.apache.hc.client5.http.impl.classic.MinimalHttpClient_ESTest,1,0,False
193,NPEX,HttpComponents_Client-1026a1e5,0,d2c1f66babd54ae780ecf40f634b0086,org.apache.hc.client5.http.impl.classic.MinimalHttpClient,org.apache.hc.client5.http.impl.classic.MinimalHttpClient_ESTest,1,0,False
194,NPEX,HttpComponents_Client-1026a1e5,0,9bc246c771d04431aacb6bb51f3f5fd0,org.apache.hc.client5.http.impl.classic.MinimalHttpClient,org.apache.hc.client5.http.impl.classic.MinimalHttpClient_ESTest,1,0,False
195,NPEX,JSPWiki-d5bcff78,0,5ee7752da02c4f358c3e748bfd9bafc8,org.apache.wiki.util.HttpUtil,org.apache.wiki.util.HttpUtil_ESTest,24,0,False
196,NPEX,JSPWiki-d5bcff78,0,9bf2c4a2671c45e2b1d3ec6849c59d83,org.apache.wiki.util.HttpUtil,org.apache.wiki.util.HttpUtil_ESTest,25,0,False
197,NPEX,JSPWiki-d5bcff78,0,8827e294f8c643b0896d5f1e6492d165,org.apache.wiki.util.HttpUtil,org.apache.wiki.util.HttpUtil_ESTest,24,0,False
198,NPEX,Feign-9c5a52d6,0,e969945c50aa446dbe647adc5ea05668,feign.Response,feign.Response_ESTest,23,0,False
199,NPEX,Feign-9c5a52d6,0,1a75e06ce1ce4b3a987f3fc5830dd358,feign.Response,feign.Response_ESTest,21,0,False
200,NPEX,Feign-9c5a52d6,0,0131f3cb4df04350900519baa850a4be,feign.Response,feign.Response_ESTest,21,0,False
201,NPEX,Feign-9c5a52d6,0,c3dd3edb16e046f398ebb13abee8adb4,feign.Response,feign.Response_ESTest,20,0,False
202,NPEX,Feign-9c5a52d6,0,81312e8012a944228a56e204f3ac81be,feign.Response,feign.Response_ESTest,21,0,False
203,NPEX,Feign-9c5a52d6,0,05e84e5c34174838875d00fb683e56dd,feign.Response,feign.Response_ESTest,21,0,False
204,NPEX,Feign-9c5a52d6,0,6bbfa5b0c84446cfadd37cf8c28e2522,feign.Response,feign.Response_ESTest,21,0,False
205,NPEX,Feign-9c5a52d6,0,74411b7ba1dd4185a0c91d9701c47cf7,feign.Response,feign.Response_ESTest,20,0,False
206,NPEX,CXF-209407e0,0,ddd8e5fbff8347a080399a3fa1fa6111,org.apache.cxf.jaxrs.utils.JAXRSUtils,org.apache.cxf.jaxrs.utils.JAXRSUtils_ESTest,232,0,False
207,NPEX,CXF-209407e0,0,e9896c33aa574cc18b87bc356463bff2,org.apache.cxf.jaxrs.utils.JAXRSUtils,org.apache.cxf.jaxrs.utils.JAXRSUtils_ESTest,368,0,True
208,NPEX,Java_WebSocket-a2b35482,0,1af33a655c0d460d8a90cc89756c46e1,org.java_websocket.server.WebSocketServer,org.java_websocket.server.WebSocketServer_ESTest,0,0,False
209,NPEX,Java_WebSocket-a2b35482,0,1ddad2732bb94df98120dc8783197a0e,org.java_websocket.server.WebSocketServer,org.java_websocket.server.WebSocketServer_ESTest,0,0,False
210,NPEX,Java_WebSocket-a2b35482,0,24faee7059084ed58da6a0c80a4eb3d5,org.java_websocket.server.WebSocketServer,org.java_websocket.server.WebSocketServer_ESTest,0,0,False
211,NPEX,Java_WebSocket-a2b35482,0,2515b4811a5f4e9f8b72a32a67999906,org.java_websocket.server.WebSocketServer,org.java_websocket.server.WebSocketServer_ESTest,0,0,False
212,NPEX,Java_WebSocket-a2b35482,0,506ab8bdf98f476ab1b1c2b9a1550989,org.java_websocket.server.WebSocketServer,org.java_websocket.server.WebSocketServer_ESTest,0,0,False
213,NPEX,RocketMQ-f5a119f1,0,d7ee62a2e5eb48928a42d34803c105c0,org.apache.rocketmq.client.impl.factory.MQClientInstance,org.apache.rocketmq.client.impl.factory.MQClientInstance_ESTest,17,0,False
214,NPEX,RocketMQ-f5a119f1,0,a396e1ef76364177933b65805596acbf,org.apache.rocketmq.client.impl.factory.MQClientInstance,org.apache.rocketmq.client.impl.factory.MQClientInstance_ESTest,18,0,False
215,NPEX,RocketMQ-f5a119f1,0,64ab53bf7140486380a8584ff5cfe992,org.apache.rocketmq.client.impl.factory.MQClientInstance,org.apache.rocketmq.client.impl.factory.MQClientInstance_ESTest,16,0,False
216,NPEX,RocketMQ-f5a119f1,0,d8571eaf1e934b609c813035b20bd23e,org.apache.rocketmq.client.impl.factory.MQClientInstance,org.apache.rocketmq.client.impl.factory.MQClientInstance_ESTest,17,0,False
217,NPEX,RocketMQ-f5a119f1,0,a62617e2afc346cab588c7932123ee4b,org.apache.rocketmq.client.impl.factory.MQClientInstance,org.apache.rocketmq.client.impl.factory.MQClientInstance_ESTest,17,0,False
218,NPEX,RocketMQ-f5a119f1,0,1159e282eb1244b395a5e6e7e7963fcc,org.apache.rocketmq.client.impl.factory.MQClientInstance,org.apache.rocketmq.client.impl.factory.MQClientInstance_ESTest,20,0,False
219,NPEX,RocketMQ-f5a119f1,0,62b4d1184f4b413582d475967095eee2,org.apache.rocketmq.client.impl.factory.MQClientInstance,org.apache.rocketmq.client.impl.factory.MQClientInstance_ESTest,15,0,False
220,NPEX,Directory_LDAP_API-1aea113c,0,18975067e0a54111a1d1124552add989,org.apache.directory.api.ldap.model.entry.Value,org.apache.directory.api.ldap.model.entry.Value_ESTest,295,0,False
221,NPEX,Directory_LDAP_API-1aea113c,0,2c0d92e28e354782bf00a15b87be9c83,org.apache.directory.api.ldap.model.entry.Value,org.apache.directory.api.ldap.model.entry.Value_ESTest$2,270,0,True
222,NPEX,Directory_LDAP_API-1aea113c,0,2c0d92e28e354782bf00a15b87be9c83,org.apache.directory.api.ldap.model.entry.Value,org.apache.directory.api.ldap.model.entry.Value_ESTest,270,0,True
223,NPEX,Directory_LDAP_API-1aea113c,0,2c0d92e28e354782bf00a15b87be9c83,org.apache.directory.api.ldap.model.entry.Value,org.apache.directory.api.ldap.model.entry.Value_ESTest$1,270,0,True
224,NPEX,Directory_LDAP_API-1aea113c,0,53e5bb023cc24825a34977f02c3ef687,org.apache.directory.api.ldap.model.entry.Value,org.apache.directory.api.ldap.model.entry.Value_ESTest,147,0,True
225,NPEX,Directory_LDAP_API-1aea113c,0,ca730702c5e9407b9afd9d79935b5548,org.apache.directory.api.ldap.model.entry.Value,org.apache.directory.api.ldap.model.entry.Value_ESTest,293,0,True
226,NPEX,Directory_LDAP_API-1aea113c,0,be01563c9aab41dc93dfe33b8da75258,org.apache.directory.api.ldap.model.entry.Value,org.apache.directory.api.ldap.model.entry.Value_ESTest,153,0,True
227,NPEX,Directory_LDAP_API-1aea113c,0,ee7911e627e447a489ea668c6e978e7d,org.apache.directory.api.ldap.model.entry.Value,org.apache.directory.api.ldap.model.entry.Value_ESTest,295,0,True
228,NPEX,Directory_LDAP_API-1aea113c,0,e71fefcf98ca4cba9d54ec2bb185fd26,org.apache.directory.api.ldap.model.entry.Value,org.apache.directory.api.ldap.model.entry.Value_ESTest,145,0,True
229,NPEX,Directory_LDAP_API-1aea113c,0,414f96ab2821422599663487c8fd45a6,org.apache.directory.api.ldap.model.entry.Value,org.apache.directory.api.ldap.model.entry.Value_ESTest,154,0,True
230,NPEX,Directory_LDAP_API-1aea113c,0,c05ab89094dc4479aa0d24bf958d0f2e,org.apache.directory.api.ldap.model.entry.Value,org.apache.directory.api.ldap.model.entry.Value_ESTest,154,0,True
231,NPEX,Directory_LDAP_API-1aea113c,0,4f88eb7e437b4242a6408615f078a7d0,org.apache.directory.api.ldap.model.entry.Value,org.apache.directory.api.ldap.model.entry.Value_ESTest,174,0,True
232,NPEX,Sling_Pipes-81059025,0,163733cd8301422b8b6e1cdad923844e,org.apache.sling.pipes.PipeBindings,org.apache.sling.pipes.PipeBindings_ESTest$1,1,0,False
233,NPEX,Sling_Pipes-81059025,0,163733cd8301422b8b6e1cdad923844e,org.apache.sling.pipes.PipeBindings,org.apache.sling.pipes.PipeBindings_ESTest,1,0,False
234,NPEX,Sling_Pipes-81059025,0,b37bad3244a94ee399cf61d1b0f5e95e,org.apache.sling.pipes.PipeBindings,org.apache.sling.pipes.PipeBindings_ESTest$1,1,0,False
235,NPEX,Sling_Pipes-81059025,0,b37bad3244a94ee399cf61d1b0f5e95e,org.apache.sling.pipes.PipeBindings,org.apache.sling.pipes.PipeBindings_ESTest,1,0,False
236,NPEX,Sling_Pipes-81059025,0,06ecccc7bc724d0287316a5c13c7ae18,org.apache.sling.pipes.PipeBindings,org.apache.sling.pipes.PipeBindings_ESTest$1,1,0,False
237,NPEX,Sling_Pipes-81059025,0,06ecccc7bc724d0287316a5c13c7ae18,org.apache.sling.pipes.PipeBindings,org.apache.sling.pipes.PipeBindings_ESTest,1,0,False
238,NPEX,Sling_Pipes-81059025,0,4b0ea596c97d475abbad2dd91637040d,org.apache.sling.pipes.PipeBindings,org.apache.sling.pipes.PipeBindings_ESTest$1,1,0,False
239,NPEX,Sling_Pipes-81059025,0,4b0ea596c97d475abbad2dd91637040d,org.apache.sling.pipes.PipeBindings,org.apache.sling.pipes.PipeBindings_ESTest,1,0,False
240,NPEX,OpenNLP-60792b8f,0,bb982a4e34ea45cfb031b762550a11d1,opennlp.tools.lemmatizer.DictionaryLemmatizer,opennlp.tools.lemmatizer.DictionaryLemmatizer_ESTest,13,0,True
241,NPEX,OpenNLP-60792b8f,0,ef30ab1972f247848fb4b91cf81a0f7b,opennlp.tools.lemmatizer.DictionaryLemmatizer,opennlp.tools.lemmatizer.DictionaryLemmatizer_ESTest,12,0,True
242,NPEX,OpenNLP-60792b8f,0,80c9f3b5ded64490a9f8d1347e94fae4,opennlp.tools.lemmatizer.DictionaryLemmatizer,opennlp.tools.lemmatizer.DictionaryLemmatizer_ESTest,11,0,True
243,NPEX,OpenNLP-60792b8f,0,218d8f9b55cb4a1b8f77957df956316b,opennlp.tools.lemmatizer.DictionaryLemmatizer,opennlp.tools.lemmatizer.DictionaryLemmatizer_ESTest,12,0,True
244,NPEX,OpenNLP-60792b8f,0,0f9f83349ff04341ae9c5843c611c39d,opennlp.tools.lemmatizer.DictionaryLemmatizer,opennlp.tools.lemmatizer.DictionaryLemmatizer_ESTest,11,0,True
245,NPEX,OpenNLP-60792b8f,0,0b7465480ba44cdcafe8cd58432c57be,opennlp.tools.lemmatizer.DictionaryLemmatizer,opennlp.tools.lemmatizer.DictionaryLemmatizer_ESTest,11,0,True
246,NPEX,OpenNLP-60792b8f,0,b06a4586d0cc42a9a03861e046518038,opennlp.tools.lemmatizer.DictionaryLemmatizer,opennlp.tools.lemmatizer.DictionaryLemmatizer_ESTest,11,0,True
247,NPEX,OpenNLP-60792b8f,0,eb78ca60fcc24b8a9167c8cb332cc50e,opennlp.tools.lemmatizer.DictionaryLemmatizer,opennlp.tools.lemmatizer.DictionaryLemmatizer_ESTest,11,0,True
248,NPEX,OpenNLP-60792b8f,0,39d0fea649ae4c61b192b870d31d55cc,opennlp.tools.lemmatizer.DictionaryLemmatizer,opennlp.tools.lemmatizer.DictionaryLemmatizer_ESTest,12,0,True
249,NPEX,OpenNLP-60792b8f,0,ed6275f2680440fc9ecedf51f7cb4004,opennlp.tools.lemmatizer.DictionaryLemmatizer,opennlp.tools.lemmatizer.DictionaryLemmatizer_ESTest,13,0,True
250,NPEX,ZooKeeper-ef3649f5,0,6d9f627e9cc14a1990f6dc6254a70922,org.apache.zookeeper.server.ZooKeeperServer,org.apache.zookeeper.server.ZooKeeperServer_ESTest,339,0,True
251,NPEX,ZooKeeper-ef3649f5,0,6d9f627e9cc14a1990f6dc6254a70922,org.apache.zookeeper.server.ZooKeeperServer,org.apache.zookeeper.server.ZooKeeperServer_ESTest$1,339,0,True
252,NPEX,ZooKeeper-ef3649f5,0,6d9f627e9cc14a1990f6dc6254a70922,org.apache.zookeeper.server.ZooKeeperServer,org.apache.zookeeper.server.ZooKeeperServer_ESTest$6,339,0,True
253,NPEX,ZooKeeper-ef3649f5,0,6d9f627e9cc14a1990f6dc6254a70922,org.apache.zookeeper.server.ZooKeeperServer,org.apache.zookeeper.server.ZooKeeperServer_ESTest$5,339,0,True
254,NPEX,ZooKeeper-ef3649f5,0,6d9f627e9cc14a1990f6dc6254a70922,org.apache.zookeeper.server.ZooKeeperServer,org.apache.zookeeper.server.ZooKeeperServer_ESTest$2,339,0,True
255,NPEX,ZooKeeper-ef3649f5,0,6d9f627e9cc14a1990f6dc6254a70922,org.apache.zookeeper.server.ZooKeeperServer,org.apache.zookeeper.server.ZooKeeperServer_ESTest$4,339,0,True
256,NPEX,ZooKeeper-ef3649f5,0,6d9f627e9cc14a1990f6dc6254a70922,org.apache.zookeeper.server.ZooKeeperServer,org.apache.zookeeper.server.ZooKeeperServer_ESTest$3,339,0,True
257,NPEX,jsoup-b8411990,0,7bc7f9b274b3408b91815c65265f68c8,org.jsoup.internal.Normalizer,org.jsoup.internal.Normalizer_ESTest,7,0,True
258,NPEX,jsoup-b8411990,0,c0c25cdf1ea1479c8c35599447b873ba,org.jsoup.internal.Normalizer,org.jsoup.internal.Normalizer_ESTest,7,0,True
259,NPEX,jsoup-b8411990,0,119635cdccac4864b84372e888538619,org.jsoup.internal.Normalizer,org.jsoup.internal.Normalizer_ESTest,7,0,True
260,NPEX,jsoup-b8411990,0,bb9b4c8a925b4933b8a6e6c42eb81853,org.jsoup.internal.Normalizer,org.jsoup.internal.Normalizer_ESTest,7,0,True
261,NPEX,jsoup-b8411990,0,651182d05b76474c97de84b49918aba8,org.jsoup.internal.Normalizer,org.jsoup.internal.Normalizer_ESTest,7,0,True
262,NPEX,jsoup-b8411990,0,09bcddefbe9843b19651efa1c4fca9f3,org.jsoup.internal.Normalizer,org.jsoup.internal.Normalizer_ESTest,7,0,True
263,NPEX,jsoup-b8411990,0,23cf5c3255254057807e7783305e47aa,org.jsoup.internal.Normalizer,org.jsoup.internal.Normalizer_ESTest,7,0,True
264,NPEX,jsoup-b8411990,0,ba9818c721a140e9aef1e27b8e802790,org.jsoup.internal.Normalizer,org.jsoup.internal.Normalizer_ESTest,7,0,True
265,NPEX,jsoup-b8411990,0,3b15b3582d194353b08ba8f5c3cf49a3,org.jsoup.internal.Normalizer,org.jsoup.internal.Normalizer_ESTest,7,0,True
266,NPEX,jsoup-b8411990,0,19c5cbd510aa4e5eb2594a7f79a44c33,org.jsoup.internal.Normalizer,org.jsoup.internal.Normalizer_ESTest,7,0,True
267,NPEX,Commons_Pool-11521c1f,0,9e55ce8d852a436dab42f9f3c7da0bf7,org.apache.commons.pool2.impl.GenericKeyedObjectPool,org.apache.commons.pool2.impl.GenericKeyedObjectPool_ESTest,2,0,False
268,NPEX,Commons_Pool-11521c1f,0,a9e00ceca9cc4285b33865aceadd144b,org.apache.commons.pool2.impl.GenericKeyedObjectPool,org.apache.commons.pool2.impl.GenericKeyedObjectPool_ESTest,2,0,False
269,NPEX,Log4j_2-7441d3c3,0,ffb780080af8485a95c5dd19fe7f5ee3,org.apache.logging.log4j.core.config.ConfigurationScheduler,org.apache.logging.log4j.core.config.ConfigurationScheduler_ESTest,25,0,True
270,NPEX,Log4j_2-7441d3c3,0,aed56872d8ca411d8d1fbba9afed4a36,org.apache.logging.log4j.core.config.ConfigurationScheduler,org.apache.logging.log4j.core.config.ConfigurationScheduler_ESTest,25,0,True
271,NPEX,Log4j_2-7441d3c3,0,26840535a54b4198bf9ce8c93be3e3fe,org.apache.logging.log4j.core.config.ConfigurationScheduler,org.apache.logging.log4j.core.config.ConfigurationScheduler_ESTest,24,0,True
272,NPEX,Log4j_2-7441d3c3,0,794d0f403ceb456d94559fc08e78b021,org.apache.logging.log4j.core.config.ConfigurationScheduler,org.apache.logging.log4j.core.config.ConfigurationScheduler_ESTest,24,0,True
273,NPEX,Log4j_2-7441d3c3,0,048ad1a3984743438ffc405de76e3a3f,org.apache.logging.log4j.core.config.ConfigurationScheduler,org.apache.logging.log4j.core.config.ConfigurationScheduler_ESTest,25,0,True
274,NPEX,Log4j_2-7441d3c3,0,90901d540f6d472ab2f7d122897443b7,org.apache.logging.log4j.core.config.ConfigurationScheduler,org.apache.logging.log4j.core.config.ConfigurationScheduler_ESTest,23,0,True
275,NPEX,Log4j_2-7441d3c3,0,50182e1fa1434494bf0c093a512c15ff,org.apache.logging.log4j.core.config.ConfigurationScheduler,org.apache.logging.log4j.core.config.ConfigurationScheduler_ESTest,25,0,True
276,NPEX,Log4j_2-7441d3c3,0,cc882ba62c41451da0ad8022c6e99ebd,org.apache.logging.log4j.core.config.ConfigurationScheduler,org.apache.logging.log4j.core.config.ConfigurationScheduler_ESTest,24,0,True
277,NPEX,Log4j_2-7441d3c3,0,f6d6fb481a4d42518a8b488215f696ce,org.apache.logging.log4j.core.config.ConfigurationScheduler,org.apache.logging.log4j.core.config.ConfigurationScheduler_ESTest,24,0,True
278,NPEX,Log4j_2-7441d3c3,0,004496ebb8a24f73b20b3954d560fe80,org.apache.logging.log4j.core.config.ConfigurationScheduler,org.apache.logging.log4j.core.config.ConfigurationScheduler_ESTest,24,0,True
279,NPEX,Commons_BCEL-a46d927b,0,798957f307e94e9d94f1a783b935d0ac,org.apache.bcel.generic.MethodGen,org.apache.bcel.generic.MethodGen_ESTest,204,0,False
280,NPEX,Commons_BCEL-a46d927b,0,6a4e7df027034a61870ebb8ed1ecafe9,org.apache.bcel.generic.MethodGen,org.apache.bcel.generic.MethodGen_ESTest,189,0,False
281,NPEX,Commons_BCEL-a46d927b,0,a3bd2117ab544de993af01ea0b683b76,org.apache.bcel.generic.MethodGen,org.apache.bcel.generic.MethodGen_ESTest,182,0,False
282,NPEX,Commons_BCEL-a46d927b,0,7f72ab91baa44fdebd6075b1df83853b,org.apache.bcel.generic.MethodGen,org.apache.bcel.generic.MethodGen_ESTest,183,0,False
283,NPEX,Commons_BCEL-a46d927b,0,8435aa043755424dafcd8ab0f5c02717,org.apache.bcel.generic.MethodGen,org.apache.bcel.generic.MethodGen_ESTest,203,0,False
284,NPEX,Commons_BCEL-a46d927b,0,286b0f343cd148d99f409af28abeee45,org.apache.bcel.generic.MethodGen,org.apache.bcel.generic.MethodGen_ESTest,190,0,False
285,NPEX,Commons_BCEL-a46d927b,0,8a8e2104c0094c7c848502604816d8c7,org.apache.bcel.generic.MethodGen,org.apache.bcel.generic.MethodGen_ESTest,185,0,False
286,NPEX,Commons_BCEL-a46d927b,0,a7a9d60baefc4967a4a6cc0cffe597c3,org.apache.bcel.generic.MethodGen,org.apache.bcel.generic.MethodGen_ESTest,181,0,False
287,NPEX,Jest-f34fa45e,0,a06b943e381a4dfa8c47184b88bc3b53,io.searchbox.client.config.discovery.NodeChecker,io.searchbox.client.config.discovery.NodeChecker_ESTest,1,0,False
288,NPEX,Jest-f34fa45e,0,4727bf4eac7d46ca92f74cb8bd6f46d0,io.searchbox.client.config.discovery.NodeChecker,io.searchbox.client.config.discovery.NodeChecker_ESTest,1,0,False
289,NPEX,Jest-f34fa45e,0,d6a21391cf644daa8f7ab77a5a07c28b,io.searchbox.client.config.discovery.NodeChecker,io.searchbox.client.config.discovery.NodeChecker_ESTest,1,0,False
290,NPEX,Jest-f34fa45e,0,11c1b3f7be0641c4b56150edf80d3a62,io.searchbox.client.config.discovery.NodeChecker,io.searchbox.client.config.discovery.NodeChecker_ESTest,1,0,False
291,NPEX,Jest-f34fa45e,0,c4ee60b71de7413fad94f78a37abda0a,io.searchbox.client.config.discovery.NodeChecker,io.searchbox.client.config.discovery.NodeChecker_ESTest,1,0,False
292,NPEX,Jest-f34fa45e,0,bc9dbd2dd9a340f8904662cc70124524,io.searchbox.client.config.discovery.NodeChecker,io.searchbox.client.config.discovery.NodeChecker_ESTest,1,0,False
293,NPEX,Jest-f34fa45e,0,398842c005dc43e380ee42f8a2f5446e,io.searchbox.client.config.discovery.NodeChecker,io.searchbox.client.config.discovery.NodeChecker_ESTest,1,0,False
294,NPEX,Jest-f34fa45e,0,3f96442681144eb189faa0251de78d5a,io.searchbox.client.config.discovery.NodeChecker,io.searchbox.client.config.discovery.NodeChecker_ESTest,1,0,False
295,NPEX,Jest-f34fa45e,0,b03ec983cc79469f9795411bf95d5c46,io.searchbox.client.config.discovery.NodeChecker,io.searchbox.client.config.discovery.NodeChecker_ESTest,1,0,False
296,NPEX,Jest-f34fa45e,0,8a35d6eeca5c4b2fb9d42db4c553ccac,io.searchbox.client.config.discovery.NodeChecker,io.searchbox.client.config.discovery.NodeChecker_ESTest,1,0,False
297,NPEX,HttpComponents_Client-f6333a50,0,af68fe2eec99440aa7f0a4c8989a36d2,org.apache.hc.client5.http.impl.async.HttpAsyncClientBuilder,org.apache.hc.client5.http.impl.async.HttpAsyncClientBuilder_ESTest,91,0,False
298,NPEX,HttpComponents_Client-f6333a50,0,6791b6d897144a4982a82521a5dad15b,org.apache.hc.client5.http.impl.async.HttpAsyncClientBuilder,org.apache.hc.client5.http.impl.async.HttpAsyncClientBuilder_ESTest,47,0,False
299,NPEX,HttpComponents_Client-f6333a50,0,09e3eb3966ac4759aa895c99ab3f3639,org.apache.hc.client5.http.impl.async.H2AsyncClientBuilder,org.apache.hc.client5.http.impl.async.H2AsyncClientBuilder_ESTest,0,0,False
300,NPEX,HttpComponents_Client-f6333a50,0,96b6dadc78594c2f800e1abb6184953c,org.apache.hc.client5.http.impl.async.HttpAsyncClientBuilder,org.apache.hc.client5.http.impl.async.HttpAsyncClientBuilder_ESTest,63,0,False
301,NPEX,HttpComponents_Client-f6333a50,0,d9e8a598f66f412abbaf2ca730b38ecf,org.apache.hc.client5.http.impl.async.H2AsyncClientBuilder,org.apache.hc.client5.http.impl.async.H2AsyncClientBuilder_ESTest,0,0,False
302,NPEX,HttpComponents_Client-f6333a50,0,2a4f46c72745439eb7d3cce7882ebe11,org.apache.hc.client5.http.impl.async.HttpAsyncClientBuilder,org.apache.hc.client5.http.impl.async.HttpAsyncClientBuilder_ESTest,63,0,False
303,NPEX,HttpComponents_Client-f6333a50,0,2fbd6f2cfa5b4bbd93bb88da00bb7031,org.apache.hc.client5.http.impl.async.HttpAsyncClientBuilder,org.apache.hc.client5.http.impl.async.HttpAsyncClientBuilder_ESTest,62,0,False
304,NPEX,HttpComponents_Client-f6333a50,0,29c7aa83f21048c08022a0514f675acc,org.apache.hc.client5.http.impl.async.HttpAsyncClientBuilder,org.apache.hc.client5.http.impl.async.HttpAsyncClientBuilder_ESTest,45,0,False
305,NPEX,HttpComponents_Client-f6333a50,0,f755f19426c94011a281ea47543ec64c,org.apache.hc.client5.http.impl.async.HttpAsyncClientBuilder,org.apache.hc.client5.http.impl.async.HttpAsyncClientBuilder_ESTest,63,0,False
306,NPEX,HttpComponents_Client-f6333a50,0,23f3eefb0e2c4acd9824d2051c75920b,org.apache.hc.client5.http.impl.async.HttpAsyncClientBuilder,org.apache.hc.client5.http.impl.async.HttpAsyncClientBuilder_ESTest,63,0,False
307,NPEX,HttpComponents_Client-f6333a50,0,23f3eefb0e2c4acd9824d2051c75920b,org.apache.hc.client5.http.impl.async.H2AsyncClientBuilder,org.apache.hc.client5.http.impl.async.H2AsyncClientBuilder_ESTest,0,0,False
308,NPEX,HttpComponents_Client-f6333a50,1,af68fe2eec99440aa7f0a4c8989a36d2,org.apache.hc.client5.http.impl.async.HttpAsyncClientBuilder,org.apache.hc.client5.http.impl.async.HttpAsyncClientBuilder_ESTest,91,0,False
309,NPEX,HttpComponents_Client-f6333a50,1,6791b6d897144a4982a82521a5dad15b,org.apache.hc.client5.http.impl.async.HttpAsyncClientBuilder,org.apache.hc.client5.http.impl.async.HttpAsyncClientBuilder_ESTest,47,0,False
310,NPEX,HttpComponents_Client-f6333a50,1,09e3eb3966ac4759aa895c99ab3f3639,org.apache.hc.client5.http.impl.async.H2AsyncClientBuilder,org.apache.hc.client5.http.impl.async.H2AsyncClientBuilder_ESTest,0,0,False
311,NPEX,HttpComponents_Client-f6333a50,1,96b6dadc78594c2f800e1abb6184953c,org.apache.hc.client5.http.impl.async.HttpAsyncClientBuilder,org.apache.hc.client5.http.impl.async.HttpAsyncClientBuilder_ESTest,63,0,False
312,NPEX,HttpComponents_Client-f6333a50,1,d9e8a598f66f412abbaf2ca730b38ecf,org.apache.hc.client5.http.impl.async.H2AsyncClientBuilder,org.apache.hc.client5.http.impl.async.H2AsyncClientBuilder_ESTest,0,0,False
313,NPEX,HttpComponents_Client-f6333a50,1,2a4f46c72745439eb7d3cce7882ebe11,org.apache.hc.client5.http.impl.async.HttpAsyncClientBuilder,org.apache.hc.client5.http.impl.async.HttpAsyncClientBuilder_ESTest,63,0,False
314,NPEX,HttpComponents_Client-f6333a50,1,2fbd6f2cfa5b4bbd93bb88da00bb7031,org.apache.hc.client5.http.impl.async.HttpAsyncClientBuilder,org.apache.hc.client5.http.impl.async.HttpAsyncClientBuilder_ESTest,62,0,False
315,NPEX,HttpComponents_Client-f6333a50,1,29c7aa83f21048c08022a0514f675acc,org.apache.hc.client5.http.impl.async.HttpAsyncClientBuilder,org.apache.hc.client5.http.impl.async.HttpAsyncClientBuilder_ESTest,45,0,False
316,NPEX,HttpComponents_Client-f6333a50,1,f755f19426c94011a281ea47543ec64c,org.apache.hc.client5.http.impl.async.HttpAsyncClientBuilder,org.apache.hc.client5.http.impl.async.HttpAsyncClientBuilder_ESTest,63,0,False
317,NPEX,HttpComponents_Client-f6333a50,1,23f3eefb0e2c4acd9824d2051c75920b,org.apache.hc.client5.http.impl.async.HttpAsyncClientBuilder,org.apache.hc.client5.http.impl.async.HttpAsyncClientBuilder_ESTest,63,0,False
318,NPEX,HttpComponents_Client-f6333a50,1,23f3eefb0e2c4acd9824d2051c75920b,org.apache.hc.client5.http.impl.async.H2AsyncClientBuilder,org.apache.hc.client5.http.impl.async.H2AsyncClientBuilder_ESTest,0,0,False
319,NPEX,HttpComponents_Client-f6333a50,2,af68fe2eec99440aa7f0a4c8989a36d2,org.apache.hc.client5.http.impl.async.HttpAsyncClientBuilder,org.apache.hc.client5.http.impl.async.HttpAsyncClientBuilder_ESTest,91,0,True
320,NPEX,HttpComponents_Client-f6333a50,2,6791b6d897144a4982a82521a5dad15b,org.apache.hc.client5.http.impl.async.HttpAsyncClientBuilder,org.apache.hc.client5.http.impl.async.HttpAsyncClientBuilder_ESTest,47,0,True
321,NPEX,HttpComponents_Client-f6333a50,2,09e3eb3966ac4759aa895c99ab3f3639,org.apache.hc.client5.http.impl.async.H2AsyncClientBuilder,org.apache.hc.client5.http.impl.async.H2AsyncClientBuilder_ESTest,0,0,False
322,NPEX,HttpComponents_Client-f6333a50,2,96b6dadc78594c2f800e1abb6184953c,org.apache.hc.client5.http.impl.async.HttpAsyncClientBuilder,org.apache.hc.client5.http.impl.async.HttpAsyncClientBuilder_ESTest,63,0,True
323,NPEX,HttpComponents_Client-f6333a50,2,d9e8a598f66f412abbaf2ca730b38ecf,org.apache.hc.client5.http.impl.async.H2AsyncClientBuilder,org.apache.hc.client5.http.impl.async.H2AsyncClientBuilder_ESTest,0,0,False
324,NPEX,HttpComponents_Client-f6333a50,2,2a4f46c72745439eb7d3cce7882ebe11,org.apache.hc.client5.http.impl.async.HttpAsyncClientBuilder,org.apache.hc.client5.http.impl.async.HttpAsyncClientBuilder_ESTest,63,0,True
325,NPEX,HttpComponents_Client-f6333a50,2,2fbd6f2cfa5b4bbd93bb88da00bb7031,org.apache.hc.client5.http.impl.async.HttpAsyncClientBuilder,org.apache.hc.client5.http.impl.async.HttpAsyncClientBuilder_ESTest,62,0,True
326,NPEX,HttpComponents_Client-f6333a50,2,29c7aa83f21048c08022a0514f675acc,org.apache.hc.client5.http.impl.async.HttpAsyncClientBuilder,org.apache.hc.client5.http.impl.async.HttpAsyncClientBuilder_ESTest,45,0,True
327,NPEX,HttpComponents_Client-f6333a50,2,f755f19426c94011a281ea47543ec64c,org.apache.hc.client5.http.impl.async.HttpAsyncClientBuilder,org.apache.hc.client5.http.impl.async.HttpAsyncClientBuilder_ESTest,63,0,True
328,NPEX,HttpComponents_Client-f6333a50,2,23f3eefb0e2c4acd9824d2051c75920b,org.apache.hc.client5.http.impl.async.HttpAsyncClientBuilder,org.apache.hc.client5.http.impl.async.HttpAsyncClientBuilder_ESTest,63,0,True
329,NPEX,HttpComponents_Client-f6333a50,2,23f3eefb0e2c4acd9824d2051c75920b,org.apache.hc.client5.http.impl.async.H2AsyncClientBuilder,org.apache.hc.client5.http.impl.async.H2AsyncClientBuilder_ESTest,0,0,False
330,NPEX,HttpComponents_Client-f6333a50,3,af68fe2eec99440aa7f0a4c8989a36d2,org.apache.hc.client5.http.impl.async.HttpAsyncClientBuilder,org.apache.hc.client5.http.impl.async.HttpAsyncClientBuilder_ESTest,91,0,True
331,NPEX,HttpComponents_Client-f6333a50,3,6791b6d897144a4982a82521a5dad15b,org.apache.hc.client5.http.impl.async.HttpAsyncClientBuilder,org.apache.hc.client5.http.impl.async.HttpAsyncClientBuilder_ESTest,47,0,True
332,NPEX,HttpComponents_Client-f6333a50,3,09e3eb3966ac4759aa895c99ab3f3639,org.apache.hc.client5.http.impl.async.H2AsyncClientBuilder,org.apache.hc.client5.http.impl.async.H2AsyncClientBuilder_ESTest,0,0,False
333,NPEX,HttpComponents_Client-f6333a50,3,96b6dadc78594c2f800e1abb6184953c,org.apache.hc.client5.http.impl.async.HttpAsyncClientBuilder,org.apache.hc.client5.http.impl.async.HttpAsyncClientBuilder_ESTest,63,0,True
334,NPEX,HttpComponents_Client-f6333a50,3,d9e8a598f66f412abbaf2ca730b38ecf,org.apache.hc.client5.http.impl.async.H2AsyncClientBuilder,org.apache.hc.client5.http.impl.async.H2AsyncClientBuilder_ESTest,0,0,False
335,NPEX,HttpComponents_Client-f6333a50,3,2a4f46c72745439eb7d3cce7882ebe11,org.apache.hc.client5.http.impl.async.HttpAsyncClientBuilder,org.apache.hc.client5.http.impl.async.HttpAsyncClientBuilder_ESTest,63,0,True
336,NPEX,HttpComponents_Client-f6333a50,3,2fbd6f2cfa5b4bbd93bb88da00bb7031,org.apache.hc.client5.http.impl.async.HttpAsyncClientBuilder,org.apache.hc.client5.http.impl.async.HttpAsyncClientBuilder_ESTest,62,0,True
337,NPEX,HttpComponents_Client-f6333a50,3,29c7aa83f21048c08022a0514f675acc,org.apache.hc.client5.http.impl.async.HttpAsyncClientBuilder,org.apache.hc.client5.http.impl.async.HttpAsyncClientBuilder_ESTest,45,0,True
338,NPEX,HttpComponents_Client-f6333a50,3,f755f19426c94011a281ea47543ec64c,org.apache.hc.client5.http.impl.async.HttpAsyncClientBuilder,org.apache.hc.client5.http.impl.async.HttpAsyncClientBuilder_ESTest,63,0,True
339,NPEX,HttpComponents_Client-f6333a50,3,23f3eefb0e2c4acd9824d2051c75920b,org.apache.hc.client5.http.impl.async.HttpAsyncClientBuilder,org.apache.hc.client5.http.impl.async.HttpAsyncClientBuilder_ESTest,63,0,True
340,NPEX,HttpComponents_Client-f6333a50,3,23f3eefb0e2c4acd9824d2051c75920b,org.apache.hc.client5.http.impl.async.H2AsyncClientBuilder,org.apache.hc.client5.http.impl.async.H2AsyncClientBuilder_ESTest,0,0,False
341,NPEX,Async_Http_Client-fbc6d486,0,763b9d4f7ae24d5faca541a4f81e0bde,org.asynchttpclient.RequestBuilderBase,org.asynchttpclient.RequestBuilderBase_ESTest,1,0,False
342,NPEX,Async_Http_Client-fbc6d486,0,b3d80941e12b4345a9b2028612f0e707,org.asynchttpclient.RequestBuilderBase,org.asynchttpclient.RequestBuilderBase_ESTest,1,0,False
343,NPEX,Async_Http_Client-fbc6d486,0,b6c5df32da20448ba3c3de6601c9c692,org.asynchttpclient.RequestBuilderBase,org.asynchttpclient.RequestBuilderBase_ESTest,1,0,False
344,NPEX,Async_Http_Client-fbc6d486,0,a1e716b6af85483791b3295f65158e52,org.asynchttpclient.RequestBuilderBase,org.asynchttpclient.RequestBuilderBase_ESTest,1,0,False
345,NPEX,Async_Http_Client-fbc6d486,0,652ee2e55be842709a42423501fc2e88,org.asynchttpclient.RequestBuilderBase,org.asynchttpclient.RequestBuilderBase_ESTest,1,0,False
346,NPEX,Async_Http_Client-fbc6d486,0,ca87845e2b1a404e84bacc7b498d412b,org.asynchttpclient.RequestBuilderBase,org.asynchttpclient.RequestBuilderBase_ESTest,1,0,False
347,NPEX,Async_Http_Client-fbc6d486,0,77dbb40642bc4371bedb3ccf7df29dc3,org.asynchttpclient.RequestBuilderBase,org.asynchttpclient.RequestBuilderBase_ESTest,1,0,False
348,NPEX,Async_Http_Client-fbc6d486,0,735d2e60611a4258ba56b661565354f3,org.asynchttpclient.RequestBuilderBase,org.asynchttpclient.RequestBuilderBase_ESTest,1,0,False
349,NPEX,Async_Http_Client-fbc6d486,0,6f952ece0c0346868c3807a8d9debe59,org.asynchttpclient.RequestBuilderBase,org.asynchttpclient.RequestBuilderBase_ESTest,1,0,False
350,NPEX,Async_Http_Client-fbc6d486,0,197e3951ce7b4b7ab22c26cfd993b8ee,org.asynchttpclient.RequestBuilderBase,org.asynchttpclient.RequestBuilderBase_ESTest,1,0,False
351,NPEX,Easy_Rules-d5385af5,0,fce7ca2b177b47c1b245c912c9bbeb2b,org.jeasy.rules.mvel.MVELRuleDefinitionReader,org.jeasy.rules.mvel.MVELRuleDefinitionReader_ESTest,12,0,True
352,NPEX,Easy_Rules-d5385af5,0,9179be36edf74e739b5a0f769822005c,org.jeasy.rules.mvel.MVELRuleDefinitionReader,org.jeasy.rules.mvel.MVELRuleDefinitionReader_ESTest,12,0,True
353,NPEX,Easy_Rules-d5385af5,0,0cdbeb8da9854a68a7b79afb365113b6,org.jeasy.rules.mvel.MVELRuleDefinitionReader,org.jeasy.rules.mvel.MVELRuleDefinitionReader_ESTest,13,0,True
354,NPEX,Easy_Rules-d5385af5,0,5bae5316526345f0a37a96ad91decefb,org.jeasy.rules.mvel.MVELRuleDefinitionReader,org.jeasy.rules.mvel.MVELRuleDefinitionReader_ESTest,12,0,True
355,NPEX,Easy_Rules-d5385af5,0,810170a85f2f4acfb5a0b3d17cdd9fe5,org.jeasy.rules.mvel.MVELRuleDefinitionReader,org.jeasy.rules.mvel.MVELRuleDefinitionReader_ESTest,12,0,True
356,NPEX,Easy_Rules-d5385af5,0,5c4c6e10889842e0a1fe6acf17b3033a,org.jeasy.rules.mvel.MVELRuleDefinitionReader,org.jeasy.rules.mvel.MVELRuleDefinitionReader_ESTest,13,0,True
357,NPEX,Easy_Rules-d5385af5,0,7cc5f0a8ca1340db9eb98961f51d50d7,org.jeasy.rules.mvel.MVELRuleDefinitionReader,org.jeasy.rules.mvel.MVELRuleDefinitionReader_ESTest,12,0,False
358,NPEX,Easy_Rules-d5385af5,0,711d01d470fa48b7b12e9d8ac92b96d0,org.jeasy.rules.mvel.MVELRuleDefinitionReader,org.jeasy.rules.mvel.MVELRuleDefinitionReader_ESTest,13,0,True
359,NPEX,Easy_Rules-d5385af5,0,c6911c00560f482985e7afc64b4f2bf9,org.jeasy.rules.mvel.MVELRuleDefinitionReader,org.jeasy.rules.mvel.MVELRuleDefinitionReader_ESTest,13,0,True
360,NPEX,Easy_Rules-d5385af5,0,cb8da335b4b440d9b6b00da42d73d4c9,org.jeasy.rules.mvel.MVELRuleDefinitionReader,org.jeasy.rules.mvel.MVELRuleDefinitionReader_ESTest,12,0,True
361,Bears,Bears-189,0,1b8f24db106f473e94aa051cd5c44f2f,hu.oe.nik.szfmv.detector.classes.Detector,hu.oe.nik.szfmv.detector.classes.Detector_ESTest,8,0,True
362,Bears,Bears-189,0,8a3a539aceab469e9acf250106d01a80,hu.oe.nik.szfmv.detector.classes.Detector,hu.oe.nik.szfmv.detector.classes.Detector_ESTest,8,0,True
363,Bears,Bears-189,0,ca1ad61b6e2c4ff29f50d2af8f61be76,hu.oe.nik.szfmv.detector.classes.Detector,hu.oe.nik.szfmv.detector.classes.Detector_ESTest,8,0,True
364,Bears,Bears-189,0,9dc285abe5494a3e97c1d3d96b4d9767,hu.oe.nik.szfmv.detector.classes.Detector,hu.oe.nik.szfmv.detector.classes.Detector_ESTest,8,0,True
365,Bears,Bears-189,0,0cc2d3bbcc1848d0b973bb7b7cd76b3c,hu.oe.nik.szfmv.detector.classes.Detector,hu.oe.nik.szfmv.detector.classes.Detector_ESTest,8,0,True
366,Bears,Bears-189,0,4deacd1bb30c47648eb672a92317e007,hu.oe.nik.szfmv.detector.classes.Detector,hu.oe.nik.szfmv.detector.classes.Detector_ESTest,8,0,True
367,Bears,Bears-189,0,cf0b900fb90c4a2c8b2dc7ad9ba0dffd,hu.oe.nik.szfmv.detector.classes.Detector,hu.oe.nik.szfmv.detector.classes.Detector_ESTest,8,0,True
368,Bears,Bears-189,0,5bd5f212ac6a4748988bfe92cd1a5aa1,hu.oe.nik.szfmv.detector.classes.Detector,hu.oe.nik.szfmv.detector.classes.Detector_ESTest,8,0,True
369,Bears,Bears-189,0,bdd21d6f786a46d9898d6e8e81f1af58,hu.oe.nik.szfmv.detector.classes.Detector,hu.oe.nik.szfmv.detector.classes.Detector_ESTest,7,0,True
370,Bears,Bears-189,0,6e667566aad24fd0ac6b67530dccac01,hu.oe.nik.szfmv.detector.classes.Detector,hu.oe.nik.szfmv.detector.classes.Detector_ESTest,7,0,True
